yearID,round,teamIDwinner,lgIDwinner,teamIDloser,lgIDloser,wins,losses,ties
1884,WS,PRO,NL,NY4,AA,3,0,0
1885,WS,CHN,NL,SL4,AA,3,3,1
1886,WS,SL4,AA,CHN,NL,4,2,0
1887,WS,DTN,NL,SL4,AA,10,5,0
1888,WS,NY1,NL,SL4,AA,6,4,0
1889,WS,NY1,NL,BR3,AA,6,3,0
1890,WS,BRO,NL,LS2,AA,3,3,1
1892,CS,BSN,NL,CL4,NL,5,0,1
1903,WS,BOS,AL,PIT,NL,5,3,0
1905,WS,NY1,NL,PHA,AL,4,1,0
1906,WS,CHA,AL,CHN,NL,4,2,0
1907,WS,CHN,NL,DET,AL,4,0,0
1908,WS,CHN,NL,DET,AL,4,1,0
1909,WS,PIT,NL,DET,AL,4,3,0
1910,WS,PHA,AL,CHN,NL,4,1,0
1911,WS,PHA,AL,NY1,NL,4,2,0
1912,WS,BOS,AL,NY1,NL,4,3,0
1913,WS,PHA,AL,NY1,NL,4,1,0
1914,WS,BSN,NL,PHA,AL,4,0,0
1915,WS,BOS,AL,PHI,NL,4,1,0
1916,WS,BOS,AL,BRO,NL,4,1,0
1917,WS,CHA,AL,NY1,NL,4,2,0
1918,WS,BOS,AL,CHN,NL,4,2,0
1919,WS,CIN,NL,CHA,AL,5,3,0
1920,WS,CLE,AL,BRO,NL,5,2,0
1921,WS,NY1,NL,NYA,AL,5,3,0
1922,WS,NY1,NL,NYA,AL,4,0,0
1923,WS,NYA,AL,NY1,NL,4,2,0
1924,NWS,KCM,NNL,HIL,ECL,5,4,1
1924,WS,WS1,AL,NY1,NL,4,3,0
1925,NNC,KCM,NNL,SLS,NNL,4,3,0
1925,NWS,HIL,ECL,KCM,NNL,5,1,0
1925,WS,PIT,NL,WS1,AL,4,3,0
1926,NNC,CAG,NNL,KCM,NNL,5,4,0
1926,NWS,CAG,NNL,ACB,ECL,5,4,2
1926,WS,SLN,NL,NYA,AL,4,3,0
1927,NNC,CAG,NNL,BBB,NNL,4,1,0
1927,NWS,CAG,NNL,ACB,ECL,5,3,1
1927,WS,NYA,AL,PIT,NL,4,0,0
1928,NNC,SLS,NNL,CAG,NNL,5,4,0
1928,WS,NYA,AL,SLN,NL,4,0,0
1929,WS,PHA,AL,CHN,NL,4,1,0
1930,NNC,SLS,NNL,DS,NNL,4,3,0
1930,WS,PHA,AL,SLN,NL,4,2,0
1931,WS,SLN,NL,PHA,AL,4,3,0
1932,NSC,CAG,NSL,NEG,NSL,4,3,0
1932,WS,NYA,AL,CHN,NL,4,0,0
1933,WS,NY1,NL,WS1,AL,4,1,0
1934,NLC,PS,NN2,CAG,NN2,4,3,1
1934,WS,SLN,NL,DET,AL,4,3,0
1935,NLC,PC,NN2,NYC,NN2,4,3,0
1935,WS,DET,AL,CHN,NL,4,2,0
1936,WS,NYA,AL,NY1,NL,4,2,0
1937,ALC,KCM,NAL,CAG,NAL,4,1,1
1937,WS,NYA,AL,NY1,NL,4,1,0
1938,ALC,MRS,NAL,BCA,NAL,2,0,0
1938,WS,NYA,AL,CHN,NL,4,0,0
1939,ALC,KCM,NAL,SL3,NAL,4,1,0
1939,NLC,BEG,NN2,HG,NN2,3,1,1
1939,NLP1,BEG,NN2,NE,NN2,3,1,0
1939,NLP2,HG,NN2,PS,NN2,3,2,0
1939,WS,NYA,AL,CIN,NL,4,0,0
1940,WS,CIN,NL,DET,AL,4,3,0
1941,NLC,HG,NN2,NYC,NN2,3,1,0
1941,WS,NYA,AL,BRO,NL,4,1,0
1942,NWS,KCM,NAL,HG,NN2,4,0,0
1942,WS,SLN,NL,NYA,AL,4,1,0
1943,ALC,BBB,NAL,CAG,NAL,3,2,0
1943,NWS,HG,NN2,BBB,NAL,4,3,1
1943,WS,NYA,AL,SLN,NL,4,1,0
1944,NWS,HG,NN2,BBB,NAL,4,1,0
1944,WS,SLN,NL,SLA,AL,4,2,0
1945,NWS,CBE,NAL,HG,NN2,4,0,0
1945,WS,DET,AL,CHN,NL,4,3,0
1946,NWS,NE,NN2,KCM,NAL,4,3,0
1946,WS,SLN,NL,BOS,AL,4,3,0
1947,NWS,NYC,NN2,CBE,NAL,4,1,1
1947,WS,NYA,AL,BRO,NL,4,3,0
1948,ALC,BBB,NAL,KCM,NAL,4,3,1
1948,NLC,HG,NN2,BEG,NN2,2,1,1
1948,NWS,HG,NN2,BBB,NAL,4,1,0
1948,WS,CLE,AL,BSN,NL,4,2,0
1949,WS,NYA,AL,BRO,NL,4,1,0
1950,WS,NYA,AL,PHI,NL,4,0,0
1951,WS,NYA,AL,NY1,NL,4,2,0
1952,WS,NYA,AL,BRO,NL,4,3,0
1953,WS,NYA,AL,BRO,NL,4,2,0
1954,WS,NY1,NL,CLE,AL,4,0,0
1955,WS,BRO,NL,NYA,AL,4,3,0
1956,WS,NYA,AL,BRO,NL,4,3,0
1957,WS,ML1,NL,NYA,AL,4,3,0
1958,WS,NYA,AL,ML1,NL,4,3,0
1959,WS,LAN,NL,CHA,AL,4,2,0
1960,WS,PIT,NL,NYA,AL,4,3,0
1961,WS,NYA,AL,CIN,NL,4,1,0
1962,WS,NYA,AL,SFN,NL,4,3,0
1963,WS,LAN,NL,NYA,AL,4,0,0
1964,WS,SLN,NL,NYA,AL,4,3,0
1965,WS,LAN,NL,MIN,AL,4,3,0
1966,WS,BAL,AL,LAN,NL,4,0,0
1967,WS,SLN,NL,BOS,AL,4,3,0
1968,WS,DET,AL,SLN,NL,4,3,0
1969,ALCS,BAL,AL,MIN,AL,3,0,0
1969,NLCS,NYN,NL,ATL,NL,3,0,0
1969,WS,NYN,NL,BAL,AL,4,1,0
1970,ALCS,BAL,AL,MIN,AL,3,0,0
1970,NLCS,CIN,NL,PIT,NL,3,0,0
1970,WS,BAL,AL,CIN,NL,4,1,0
1971,ALCS,BAL,AL,OAK,AL,3,0,0
1971,NLCS,PIT,NL,SFN,NL,3,1,0
1971,WS,PIT,NL,BAL,AL,4,3,0
1972,ALCS,OAK,AL,DET,AL,3,2,0
1972,NLCS,CIN,NL,PIT,NL,3,2,0
1972,WS,OAK,AL,CIN,NL,4,3,0
1973,ALCS,OAK,AL,BAL,AL,3,2,0
1973,NLCS,NYN,NL,CIN,NL,3,2,0
1973,WS,OAK,AL,NYN,NL,4,3,0
1974,ALCS,OAK,AL,BAL,AL,3,1,0
1974,NLCS,LAN,NL,PIT,NL,3,1,0
1974,WS,OAK,AL,LAN,NL,4,1,0
1975,ALCS,BOS,AL,OAK,AL,3,0,0
1975,NLCS,CIN,NL,PIT,NL,3,0,0
1975,WS,CIN,NL,BOS,AL,4,3,0
1976,ALCS,NYA,AL,KCA,AL,3,2,0
1976,NLCS,CIN,NL,PHI,NL,3,0,0
1976,WS,CIN,NL,NYA,AL,4,0,0
1977,ALCS,NYA,AL,KCA,AL,3,2,0
1977,NLCS,LAN,NL,PHI,NL,3,1,0
1977,WS,NYA,AL,LAN,NL,4,2,0
1978,ALCS,NYA,AL,KCA,AL,3,1,0
1978,NLCS,LAN,NL,PHI,NL,3,1,0
1978,WS,NYA,AL,LAN,NL,4,2,0
1979,ALCS,BAL,AL,CAL,AL,3,1,0
1979,NLCS,PIT,NL,CIN,NL,3,0,0
1979,WS,PIT,NL,BAL,AL,4,3,0
1980,ALCS,KCA,AL,NYA,AL,3,0,0
1980,NLCS,PHI,NL,HOU,NL,3,2,0
1980,WS,PHI,NL,KCA,AL,4,2,0
1981,AEDIV,NYA,AL,ML4,AL,3,2,0
1981,ALCS,NYA,AL,OAK,AL,3,0,0
1981,AWDIV,OAK,AL,KCA,AL,3,0,0
1981,NEDIV,MON,NL,PHI,NL,3,2,0
1981,NLCS,LAN,NL,MON,NL,3,2,0
1981,NWDIV,LAN,NL,HOU,NL,3,2,0
1981,WS,LAN,NL,NYA,AL,4,2,0
1982,ALCS,ML4,AL,CAL,AL,3,2,0
1982,NLCS,SLN,NL,ATL,NL,3,0,0
1982,WS,SLN,NL,ML4,AL,4,3,0
1983,ALCS,BAL,AL,CHA,AL,3,1,0
1983,NLCS,PHI,NL,LAN,NL,3,1,0
1983,WS,BAL,AL,PHI,NL,4,1,0
1984,ALCS,DET,AL,KCA,AL,3,0,0
1984,NLCS,SDN,NL,CHN,NL,3,2,0
1984,WS,DET,AL,SDN,NL,4,1,0
1985,ALCS,KCA,AL,TOR,AL,4,3,0
1985,NLCS,SLN,NL,LAN,NL,4,2,0
1985,WS,KCA,AL,SLN,NL,4,3,0
1986,ALCS,BOS,AL,CAL,AL,4,3,0
1986,NLCS,NYN,NL,HOU,NL,4,2,0
1986,WS,NYN,NL,BOS,AL,4,3,0
1987,ALCS,MIN,AL,DET,AL,4,1,0
1987,NLCS,SLN,NL,SFN,NL,4,3,0
1987,WS,MIN,AL,SLN,NL,4,3,0
1988,ALCS,OAK,AL,BOS,AL,4,0,0
1988,NLCS,LAN,NL,NYN,NL,4,3,0
1988,WS,LAN,NL,OAK,AL,4,1,0
1989,ALCS,OAK,AL,TOR,AL,4,1,0
1989,NLCS,SFN,NL,CHN,NL,4,1,0
1989,WS,OAK,AL,SFN,NL,4,0,0
1990,ALCS,OAK,AL,BOS,AL,4,0,0
1990,NLCS,CIN,NL,PIT,NL,4,2,0
1990,WS,CIN,NL,OAK,AL,4,0,0
1991,ALCS,MIN,AL,TOR,AL,4,1,0
1991,NLCS,ATL,NL,PIT,NL,4,3,0
1991,WS,MIN,AL,ATL,NL,4,3,0
1992,ALCS,TOR,AL,OAK,AL,4,2,0
1992,NLCS,ATL,NL,PIT,NL,4,3,0
1992,WS,TOR,AL,ATL,NL,4,2,0
1993,ALCS,TOR,AL,CHA,AL,4,2,0
1993,NLCS,PHI,NL,ATL,NL,4,2,0
1993,WS,TOR,AL,PHI,NL,4,2,0
1995,ALCS,CLE,AL,SEA,AL,4,2,0
1995,ALDS1,CLE,AL,BOS,AL,3,0,0
1995,ALDS2,SEA,AL,NYA,AL,3,2,0
1995,NLCS,ATL,NL,CIN,NL,4,0,0
1995,NLDS1,ATL,NL,COL,NL,3,1,0
1995,NLDS2,CIN,NL,LAN,NL,3,0,0
1995,WS,ATL,NL,CLE,AL,4,2,0
1996,ALCS,NYA,AL,BAL,AL,4,1,0
1996,ALDS1,BAL,AL,CLE,AL,3,1,0
1996,ALDS2,NYA,AL,TEX,AL,3,1,0
1996,NLCS,ATL,NL,SLN,NL,4,3,0
1996,NLDS1,ATL,NL,LAN,NL,3,0,0
1996,NLDS2,SLN,NL,SDN,NL,3,0,0
1996,WS,NYA,AL,ATL,NL,4,2,0
1997,ALCS,CLE,AL,BAL,AL,4,2,0
1997,ALDS1,CLE,AL,NYA,AL,3,2,0
1997,ALDS2,BAL,AL,SEA,AL,3,1,0
1997,NLCS,FLO,NL,ATL,NL,4,2,0
1997,NLDS1,FLO,NL,SFN,NL,3,0,0
1997,NLDS2,ATL,NL,HOU,NL,3,0,0
1997,WS,FLO,NL,CLE,AL,4,3,0
1998,ALCS,NYA,AL,CLE,AL,4,2,0
1998,ALDS1,CLE,AL,BOS,AL,3,1,0
1998,ALDS2,NYA,AL,TEX,AL,3,0,0
1998,NLCS,SDN,NL,ATL,NL,4,2,0
1998,NLDS1,ATL,NL,CHN,NL,3,0,0
1998,NLDS2,SDN,NL,HOU,NL,3,1,0
1998,WS,NYA,AL,SDN,NL,4,0,0
1999,ALCS,NYA,AL,BOS,AL,4,1,0
1999,ALDS1,BOS,AL,CLE,AL,3,2,0
1999,ALDS2,NYA,AL,TEX,AL,3,0,0
1999,NLCS,ATL,NL,NYN,NL,4,2,0
1999,NLDS1,ATL,NL,HOU,NL,3,1,0
1999,NLDS2,NYN,NL,ARI,NL,3,1,0
1999,WS,NYA,AL,ATL,NL,4,0,0
2000,ALCS,NYA,AL,SEA,AL,4,2,0
2000,ALDS1,NYA,AL,OAK,AL,3,2,0
2000,ALDS2,SEA,AL,CHA,AL,3,0,0
2000,NLCS,NYN,NL,SLN,NL,4,1,0
2000,NLDS1,SLN,NL,ATL,NL,3,0,0
2000,NLDS2,NYN,NL,SFN,NL,3,1,0
2000,WS,NYA,AL,NYN,NL,4,1,0
2001,ALCS,NYA,AL,SEA,AL,4,1,0
2001,ALDS1,SEA,AL,CLE,AL,3,2,0
2001,ALDS2,NYA,AL,OAK,AL,3,2,0
2001,NLCS,ARI,NL,ATL,NL,4,1,0
2001,NLDS1,ATL,NL,HOU,NL,3,0,0
2001,NLDS2,ARI,NL,SLN,NL,3,2,0
2001,WS,ARI,NL,NYA,AL,4,3,0
2002,ALCS,ANA,AL,MIN,AL,4,1,0
2002,ALDS1,ANA,AL,NYA,AL,3,1,0
2002,ALDS2,MIN,AL,OAK,AL,3,2,0
2002,NLCS,SFN,NL,SLN,NL,4,1,0
2002,NLDS1,SFN,NL,ATL,NL,3,2,0
2002,NLDS2,SLN,NL,ARI,NL,3,0,0
2002,WS,ANA,AL,SFN,NL,4,3,0
2003,ALCS,NYA,AL,BOS,AL,4,3,0
2003,ALDS1,NYA,AL,MIN,AL,3,1,0
2003,ALDS2,BOS,AL,OAK,AL,3,2,0
2003,NLCS,FLO,NL,CHN,NL,4,3,0
2003,NLDS1,FLO,NL,SFN,NL,3,1,0
2003,NLDS2,CHN,NL,ATL,NL,3,2,0
2003,WS,FLO,NL,NYA,AL,4,2,0
2004,ALCS,BOS,AL,NYA,AL,4,3,0
2004,ALDS1,BOS,AL,ANA,AL,3,0,0
2004,ALDS2,NYA,AL,MIN,AL,3,1,0
2004,NLCS,SLN,NL,HOU,NL,4,3,0
2004,NLDS1,SLN,NL,LAN,NL,3,1,0
2004,NLDS2,HOU,NL,ATL,NL,3,2,0
2004,WS,BOS,AL,SLN,NL,4,0,0
2005,ALCS,CHA,AL,LAA,AL,4,1,0
2005,ALDS1,CHA,AL,BOS,AL,3,0,0
2005,ALDS2,LAA,AL,NYA,AL,3,2,0
2005,NLCS,HOU,NL,SLN,NL,4,2,0
2005,NLDS1,SLN,NL,SDN,NL,3,0,0
2005,NLDS2,HOU,NL,ATL,NL,3,1,0
2005,WS,CHA,AL,HOU,NL,4,0,0
2006,ALCS,DET,AL,OAK,AL,4,0,0
2006,ALDS1,DET,AL,NYA,AL,3,1,0
2006,ALDS2,OAK,AL,MIN,AL,3,0,0
2006,NLCS,SLN,NL,NYN,NL,4,3,0
2006,NLDS1,NYN,NL,LAN,NL,3,0,0
2006,NLDS2,SLN,NL,SDN,NL,3,1,0
2006,WS,SLN,NL,DET,AL,4,1,0
2007,ALCS,BOS,AL,CLE,AL,4,3,0
2007,ALDS1,BOS,AL,LAA,AL,3,0,0
2007,ALDS2,CLE,AL,NYA,AL,3,1,0
2007,NLCS,COL,NL,ARI,NL,4,0,0
2007,NLDS1,ARI,NL,CHN,NL,3,0,0
2007,NLDS2,COL,NL,PHI,NL,3,0,0
2007,WS,BOS,AL,COL,NL,4,0,0
2008,ALCS,TBA,AL,BOS,AL,4,3,0
2008,ALDS1,BOS,AL,LAA,AL,3,1,0
2008,ALDS2,TBA,AL,CHA,AL,3,1,0
2008,NLCS,PHI,NL,LAN,NL,4,1,0
2008,NLDS1,LAN,NL,CHN,NL,3,0,0
2008,NLDS2,PHI,NL,MIL,NL,3,1,0
2008,WS,PHI,NL,TBA,AL,4,1,0
2009,ALCS,NYA,AL,LAA,AL,4,2,0
2009,ALDS1,NYA,AL,MIN,AL,3,0,0
2009,ALDS2,LAA,AL,BOS,AL,3,0,0
2009,NLCS,PHI,NL,LAN,NL,4,1,0
2009,NLDS1,LAN,NL,SLN,NL,3,0,0
2009,NLDS2,PHI,NL,COL,NL,3,1,0
2009,WS,NYA,AL,PHI,NL,4,2,0
2010,ALCS,TEX,AL,NYA,AL,4,2,0
2010,ALDS1,TEX,AL,TBA,AL,3,2,0
2010,ALDS2,NYA,AL,MIN,AL,3,0,0
2010,NLCS,SFN,NL,PHI,NL,4,2,0
2010,NLDS1,PHI,NL,CIN,NL,3,0,0
2010,NLDS2,SFN,NL,ATL,NL,3,1,0
2010,WS,SFN,NL,TEX,AL,4,1,0
2011,ALCS,TEX,AL,DET,AL,4,2,0
2011,ALDS1,DET,AL,NYA,AL,3,2,0
2011,ALDS2,TEX,AL,TBA,AL,3,1,0
2011,NLCS,SLN,NL,MIL,NL,4,2,0
2011,NLDS1,SLN,NL,PHI,NL,3,2,0
2011,NLDS2,MIL,NL,ARI,NL,3,2,0
2011,WS,SLN,NL,TEX,AL,4,3,0
2012,ALCS,DET,AL,NYA,AL,4,0,0
2012,ALDS1,NYA,AL,BAL,AL,3,2,0
2012,ALDS2,DET,AL,OAK,AL,3,2,0
2012,ALWC,BAL,AL,TEX,AL,1,0,0
2012,NLCS,SFN,NL,SLN,NL,4,3,0
2012,NLDS1,SLN,NL,WAS,NL,3,2,0
2012,NLDS2,SFN,NL,CIN,NL,3,2,0
2012,NLWC,SLN,NL,ATL,NL,1,0,0
2012,WS,SFN,NL,DET,AL,4,0,0
2013,ALCS,BOS,AL,DET,AL,4,2,0
2013,ALDS1,BOS,AL,TBA,AL,3,1,0
2013,ALDS2,DET,AL,OAK,AL,3,2,0
2013,ALWC,TBA,AL,CLE,AL,1,0,0
2013,NLCS,SLN,NL,LAN,NL,4,2,0
2013,NLDS1,SLN,NL,PIT,NL,3,2,0
2013,NLDS2,LAN,NL,ATL,NL,3,1,0
2013,NLWC,PIT,NL,CIN,NL,1,0,0
2013,WS,BOS,AL,SLN,NL,4,3,0
2014,ALCS,KCA,AL,BAL,AL,4,0,0
2014,ALDS1,KCA,AL,LAA,AL,3,0,0
2014,ALDS2,BAL,AL,DET,AL,3,0,0
2014,ALWC,KCA,AL,OAK,AL,1,0,0
2014,NLCS,SFN,NL,SLN,NL,4,1,0
2014,NLDS1,SFN,NL,WAS,NL,3,1,0
2014,NLDS2,SLN,NL,LAN,NL,3,1,0
2014,NLWC,SFN,NL,PIT,NL,1,0,0
2014,WS,SFN,NL,KCA,AL,4,3,0
2015,ALCS,KCA,AL,TOR,AL,4,2,0
2015,ALDS1,KCA,AL,HOU,AL,3,2,0
2015,ALDS2,TOR,AL,TEX,AL,3,2,0
2015,ALWC,HOU,AL,NYA,AL,1,0,0
2015,NLCS,NYN,NL,CHN,NL,4,0,0
2015,NLDS1,CHN,NL,SLN,NL,3,1,0
2015,NLDS2,NYN,NL,LAN,NL,3,2,0
2015,NLWC,CHN,NL,PIT,NL,1,0,0
2015,WS,KCA,AL,NYN,NL,4,1,0
2016,ALCS,CLE,AL,TOR,AL,4,1,0
2016,ALDS1,TOR,AL,TEX,AL,3,0,0
2016,ALDS2,CLE,AL,BOS,AL,3,0,0
2016,ALWC,TOR,AL,BAL,AL,1,0,0
2016,NLCS,CHN,NL,LAN,NL,4,2,0
2016,NLDS1,CHN,NL,SFN,NL,3,1,0
2016,NLDS2,LAN,NL,WAS,NL,3,2,0
2016,NLWC,SFN,NL,NYN,NL,1,0,0
2016,WS,CHN,NL,CLE,AL,4,3,0
2017,ALCS,HOU,AL,NYA,AL,4,3,0
2017,ALDS1,NYA,AL,CLE,AL,3,2,0
2017,ALDS2,HOU,AL,BOS,AL,3,1,0
2017,ALWC,NYA,AL,MIN,AL,1,0,0
2017,NLCS,LAN,NL,CHN,NL,4,1,0
2017,NLDS1,LAN,NL,ARI,NL,3,0,0
2017,NLDS2,CHN,NL,WAS,NL,3,2,0
2017,NLWC,ARI,NL,COL,NL,1,0,0
2017,WS,HOU,AL,LAN,NL,4,3,0
2018,ALCS,BOS,AL,HOU,AL,4,1,0
2018,ALDS1,BOS,AL,NYA,AL,3,1,0
2018,ALDS2,HOU,AL,CLE,AL,3,0,0
2018,ALWC,NYA,AL,OAK,AL,1,0,0
2018,NLCS,LAN,NL,MIL,NL,4,3,0
2018,NLDS1,MIL,NL,COL,NL,3,0,0
2018,NLDS2,LAN,NL,ATL,NL,3,1,0
2018,NLWC,COL,NL,CHN,NL,1,0,0
2018,WS,BOS,AL,LAN,NL,4,1,0
2019,ALCS,HOU,AL,NYA,AL,4,2,0
2019,ALDS1,HOU,AL,TBA,AL,3,2,0
2019,ALDS2,NYA,AL,MIN,AL,3,0,0
2019,ALWC,TBA,AL,OAK,AL,1,0,0
2019,NLCS,WAS,NL,SLN,NL,4,0,0
2019,NLDS1,WAS,NL,LAN,NL,3,2,0
2019,NLDS2,SLN,NL,ATL,NL,3,2,0
2019,NLWC,WAS,NL,MIL,NL,1,0,0
2019,WS,WAS,NL,HOU,AL,4,3,0
2020,ALCS,TBA,AL,HOU,AL,4,3,0
2020,ALDS1,TBA,AL,NYA,AL,3,2,0
2020,ALDS2,HOU,AL,OAK,AL,3,1,0
2020,ALWC1,TBA,AL,TOR,AL,2,0,0
2020,ALWC2,NYA,AL,CLE,AL,2,0,0
2020,ALWC3,HOU,AL,MIN,AL,2,0,0
2020,ALWC4,OAK,AL,CHA,AL,2,1,0
2020,NLCS,LAN,NL,ATL,NL,4,3,0
2020,NLDS1,LAN,NL,SDN,NL,3,0,0
2020,NLDS2,ATL,NL,MIA,NL,3,0,0
2020,NLWC1,LAN,NL,MIL,NL,2,0,0
2020,NLWC2,SDN,NL,SLN,NL,2,1,0
2020,NLWC3,MIA,NL,CHN,NL,2,0,0
2020,NLWC4,ATL,NL,CIN,NL,2,0,0
2020,WS,LAN,NL,TBA,AL,4,2,0
2021,ALCS,HOU,AL,BOS,AL,4,2,0
2021,ALDS1,HOU,AL,CHA,AL,3,1,0
2021,ALDS2,BOS,AL,TBA,AL,3,1,0
2021,ALWC,BOS,AL,NYA,AL,1,0,0
2021,NLCS,ATL,NL,LAN,NL,4,2,0
2021,NLDS1,ATL,NL,MIL,NL,3,1,0
2021,NLDS2,LAN,NL,SFN,NL,3,2,0
2021,NLWC,LAN,NL,SLN,NL,1,0,0
2021,WS,ATL,NL,HOU,AL,4,2,0
2022,ALCS,HOU,AL,NYA,AL,4,0,0
2022,ALDS1,NYA,AL,CLE,AL,3,2,0
2022,ALDS2,HOU,AL,SEA,AL,3,0,0
2022,ALWC1,CLE,AL,TBA,AL,2,0,0
2022,ALWC2,SEA,AL,TOR,AL,2,0,0
2022,NLCS,PHI,NL,SDN,NL,4,1,0
2022,NLDS1,PHI,NL,ATL,NL,3,1,0
2022,NLDS2,SDN,NL,LAN,NL,3,1,0
2022,NLWC1,SDN,NL,NYN,NL,2,1,0
2022,NLWC2,PHI,NL,SLN,NL,2,0,0
2022,WS,HOU,AL,PHI,NL,4,2,0
2023,ALCS,TEX,AL,HOU,AL,4,3,0
2023,ALDS1,TEX,AL,BAL,AL,3,0,0
2023,ALDS2,HOU,AL,MIN,AL,3,1,0
2023,ALWC1,TEX,AL,TBA,AL,2,0,0
2023,ALWC2,MIN,AL,TOR,AL,2,0,0
2023,NLCS,ARI,NL,PHI,NL,4,3,0
2023,NLDS1,PHI,NL,ATL,NL,3,1,0
2023,NLDS2,ARI,NL,LAN,NL,3,0,0
2023,NLWC1,ARI,NL,MIL,NL,2,0,0
2023,NLWC2,PHI,NL,MIA,NL,2,0,0
2023,WS,TEX,AL,ARI,NL,4,1,0
2024,ALCS,NYA,AL,CLE,AL,4,1,0
2024,ALDS1,CLE,AL,DET,AL,3,2,0
2024,ALDS2,NYA,AL,KCA,AL,3,1,0
2024,ALWC1,DET,AL,HOU,AL,2,0,0
2024,ALWC2,KCA,AL,BAL,AL,2,0,0
2024,NLCS,LAN,NL,NYN,NL,4,2,0
2024,NLDS1,NYN,NL,PHI,NL,3,1,0
2024,NLDS2,LAN,NL,SDN,NL,3,2,0
2024,NLWC1,NYN,NL,MIL,NL,2,1,0
2024,NLWC2,SDN,NL,ATL,NL,2,0,0
2024,WS,LAN,NL,NYA,AL,4,1,0
